{
  "category": "European History", 
  "datasetName": "Ch 3 The French Revolution", 
  "gameData": [
    {
      "definition": "The clergy", 
      "term": "The First Estate "
    }, 
    {
      "definition": "Campaign to eliminate Christian faith and practice in France undertaken by the revolutionary government.", 
      "term": "De- christianization"
    }, 
    {
      "definition": "The commoners of France that consisted of, prosperous merchants and lawyers as well as peasants, rural agricultural workers, urban artist, and unskilled day laborers.", 
      "term": "The Third Estate"
    }, 
    {
      "definition": "The comfortable members of the third estate, or upper middle class. Rose up to lead the entire third estate in the revolution.", 
      "term": "The bourgeoisie"
    }, 
    {
      "definition": "The fear of noble reprisals against peasant uprisings that seized the French countryside and led to further revolt.", 
      "term": "The Great Fear"
    }, 
    {
      "definition": "The laboring poor of Paris, so called because the men wore trousers instead of the knee breaches of the aristocracy and middle class; the word came to refer to the militant radicals of the city.", 
      "term": "sans- culottes"
    }, 
    {
      "definition": "The period from 1793 to 1794 during which Robespierre's Committee of Public Safety tried and executed thousands suspected of treason and new revolutionary culture was imposed.", 
      "term": "Reign of Terror"
    }, 
    {
      "definition": "The nobility or the descendants of \"those who fought\" in the Middle Ages.", 
      "term": "The Second Estate"
    }
  ]
}
